<?xml version="1.0"?>
<applications>
	<application name="IMG_EV_PROC">
		<usage_percentage>100</usage_percentage>
		<prob_cloud_selection>0</prob_cloud_selection>
		<poisson_interarrival>5</poisson_interarrival>
		<delay_sensitivity>0</delay_sensitivity>
		<active_period>8</active_period>
		<idle_period>20</idle_period>
		<data_upload>1</data_upload>
		<data_download>1</data_download>
		<task_length>2000</task_length>
		<required_core>1</required_core>
		<vm_utilization_on_edge>1</vm_utilization_on_edge>
		<vm_utilization_on_cloud>0</vm_utilization_on_cloud>
		<vm_utilization_on_mobile>0</vm_utilization_on_mobile>
	</application>
</applications>