<?xml version="1.0"?>
<edge_devices>
	<datacenter arch="x86" os="Linux" vmm="Xen">
		<costPerBw>0.1</costPerBw>
		<costPerSec>3.0</costPerSec>
		<costPerMem>0.05</costPerMem>
		<costPerStorage>0.1</costPerStorage>
		<idleConsumption>100</idleConsumption>
		<maxConsumption>150</maxConsumption>
		<location>
			<x_pos>1</x_pos>
			<y_pos>1</y_pos>
			<wlan_id>0</wlan_id>
			<attractiveness>0</attractiveness>
		</location>
		<hosts>
			<host>
				<core>2</core>
				<mips>8000</mips>
				<ram>16000</ram>
				<storage>100000</storage>
				<VMs>
					<VM vmm="Xen">
						<core>1</core>
						<mips>4000</mips>
						<ram>8000</ram>
						<storage>50000</storage>
					</VM>
					<VM vmm="Xen">
						<core>1</core>
						<mips>4000</mips>
						<ram>8000</ram>
						<storage>50000</storage>
					</VM>
					
				</VMs>
			</host>
		</hosts>
	</datacenter>
		<datacenter arch="x86" os="Linux" vmm="Xen">
		<costPerBw>0.1</costPerBw>
		<costPerSec>3.0</costPerSec>
		<costPerMem>0.05</costPerMem>
		<costPerStorage>0.1</costPerStorage>
		<idleConsumption>100</idleConsumption>
		<maxConsumption>150</maxConsumption>
		<location>
			<x_pos>2</x_pos>
			<y_pos>2</y_pos>
			<wlan_id>1</wlan_id>
			<attractiveness>0</attractiveness>
		</location>
		<hosts>
			<host>
				<core>2</core>
				<mips>8000</mips>
				<ram>16000</ram>
				<storage>100000</storage>
				<VMs>
					<VM vmm="Xen">
						<core>1</core>
						<mips>4000</mips>
						<ram>8000</ram>
						<storage>50000</storage>
					</VM>
					<VM vmm="Xen">
						<core>1</core>
						<mips>4000</mips>
						<ram>8000</ram>
						<storage>50000</storage>
					</VM>
					
				</VMs>
			</host>
		</hosts>
	</datacenter>
	</edge_devices>